group,sum_value,mean_value,log_value
A,1249960.927851519,0.49963642433470096,14.038623651095854
B,1249320.0087132577,0.49986896653386564,14.03811076866631
C,1249361.3975842975,0.49992173129529005,14.038143897209878
D,1250169.3021700506,0.5000977267316241,14.038790341734462
