group,sum_value,mean_value,log_value
C,1249361.3975842816,0.4999217312952837,14.038143897209865
B,1249320.008713271,0.499868966533871,14.038110768666321
D,1250169.3021700834,0.5000977267316372,14.038790341734488
A,1249960.927851507,0.4996364243346961,14.038623651095843
